{"average_length": {"0": 29.33614479001933, "1": 23.6072, "total": 28.304422993804927}, "total_tweets": {"0": 5691, "1": 1250, "total": 6941}, "total": ["the", "to", "of", "and", "Jews", "in", "a", "is", "for", "are"]}